{
  "total_revenue": 1447721724.6520844,
  "total_transactions": 38953,
  "avg_margin_pct": 33.89110542749987,
  "monthly": [
    {
      "year_month": "2015-01",
      "revenue": 194780.0,
      "transactions": 6,
      "avg_margin_pct": 22.347408712558188,
      "revenue_outpatient": null,
      "revenue_inpatient": 194780.0,
      "revenue_generic": 191414.0,
      "revenue_branded": 3366.0,
      "revenue_outpatient_generic": null,
      "revenue_outpatient_branded": null,
      "revenue_inpatient_generic": 191414.0,
      "revenue_inpatient_branded": 3366.0,
      "transactions_outpatient": 0,
      "transactions_inpatient": 6,
      "avg_margin_pct_outpatient": null,
      "avg_margin_pct_inpatient": 22.347408712558188,
      "avg_margin_pct_generic": 19.316890455069824,
      "avg_margin_pct_branded": 37.5
    },
    {
      "year_month": "2015-03",
      "revenue": 37795601.8064,
      "transactions": 393,
      "avg_margin_pct": 36.639199979553794,
      "revenue_outpatient": 32414657.8064,
      "revenue_inpatient": 5380944.0,
      "revenue_generic": 16325166.48,
      "revenue_branded": 21470435.3264,
      "revenue_outpatient_generic": 13069792.48,
      "revenue_outpatient_branded": 19344865.3264,
      "revenue_inpatient_generic": 3255374.0,
      "revenue_inpatient_branded": 2125570.0,
      "transactions_outpatient": 248,
      "transactions_inpatient": 145,
      "avg_margin_pct_outpatient": 36.51363823310725,
      "avg_margin_pct_inpatient": 36.853953863131345,
      "avg_margin_pct_generic": 33.71632765035658,
      "avg_margin_pct_branded": 41.693333382123974
    },
    {
      "year_month": "2015-04",
      "revenue": 18628655.044999998,
      "transactions": 641,
      "avg_margin_pct": 37.27285295279304,
      "revenue_outpatient": 14620431.350000001,
      "revenue_inpatient": 4008223.6950000003,
      "revenue_generic": 12960332.65,
      "revenue_branded": 5668322.395,
      "revenue_outpatient_generic": 12384637.2,
      "revenue_outpatient_branded": 2235794.1500000004,
      "revenue_inpatient_generic": 575695.45,
      "revenue_inpatient_branded": 3432528.245,
      "transactions_outpatient": 600,
      "transactions_inpatient": 41,
      "avg_margin_pct_outpatient": 37.303184053164706,
      "avg_margin_pct_inpatient": 36.82898319125648,
      "avg_margin_pct_generic": 37.560564895036364,
      "avg_margin_pct_branded": 36.08517805521259
    },
    {
      "year_month": "2015-08",
      "revenue": 445268789.4327487,
      "transactions": 18589,
      "avg_margin_pct": 39.753374558515965,
      "revenue_outpatient": 208549099.290036,
      "revenue_inpatient": 236719690.14271253,
      "revenue_generic": 216371971.55,
      "revenue_branded": 228896817.8827485,
      "revenue_outpatient_generic": 116667411.49999994,
      "revenue_outpatient_branded": 91881687.79003592,
      "revenue_inpatient_generic": 99704560.05000001,
      "revenue_inpatient_branded": 137015130.09271255,
      "transactions_outpatient": 12127,
      "transactions_inpatient": 6462,
      "avg_margin_pct_outpatient": 41.51023796817896,
      "avg_margin_pct_inpatient": 36.45582269828021,
      "avg_margin_pct_generic": 36.62153428935175,
      "avg_margin_pct_branded": 50.0474214948924
    },
    {
      "year_month": "2015-09",
      "revenue": 945833898.3679357,
      "transactions": 19324,
      "avg_margin_pct": 33.442690934078364,
      "revenue_outpatient": 513130760.32596827,
      "revenue_inpatient": 432703138.0419673,
      "revenue_generic": 159106925.66149998,
      "revenue_branded": 786726972.7064356,
      "revenue_outpatient_generic": 64836374.171500005,
      "revenue_outpatient_branded": 448294386.15446806,
      "revenue_inpatient_generic": 94270551.49,
      "revenue_inpatient_branded": 338432586.55196726,
      "transactions_outpatient": 11214,
      "transactions_inpatient": 8110,
      "avg_margin_pct_outpatient": 32.54764899205345,
      "avg_margin_pct_inpatient": 34.680298867230476,
      "avg_margin_pct_generic": 33.55397279675369,
      "avg_margin_pct_branded": 33.363940036560805
    }
  ]
}