year_month,product_type,revenue,transactions
2015-01,Branded,3366.0,1
2015-01,Generic,191414.0,5
2015-03,Branded,21470435.3264,144
2015-03,Generic,16325166.48,249
2015-04,Branded,5668322.395,125
2015-04,Generic,12960332.649999999,516
2015-08,Branded,228896817.8827486,4337
2015-08,Generic,216371971.5500002,14252
2015-09,Branded,786726972.7064357,11316
2015-09,Generic,159106925.66150013,8008
