year_month,revenue,transactions,avg_margin_pct
2015-01,194780.0,6,22.347408712558188
2015-03,37795601.80640001,393,36.63919997955379
2015-04,18628655.044999998,641,37.27285295279305
2015-08,445268789.43275005,18589,39.75337455851595
2015-09,945833898.3679354,19324,33.44269093407823
