product_type,revenue,transactions,avg_margin_pct,total_qty,total_gross_margin
Generic,13395974161.275488,378195,34.58027871184466,4132747.8000000003,1590353142.0159707
Branded,5657958315.294263,136141,34.99049476608231,1027373.2429999947,656066443.6154368
